CO_PER_ROL,YEAR,EXEC_FULLNAME,T_NAME
38455,2017,Norman H. Asbjornson,X
51946,2017,Scott B. Salmirs,X
2653,2017,Daniel Paul Amos,X
28867,2017,Martin H. Richenhagen,X
37514,2017,"James M. Moroney, III",jmoroney_jim
32523,2017,Andrs Ricardo Gluski Weilert,X
47291,2017,Roger K. Newport,X
52103,2017,William K. Heiden,wkheiden
46079,2017,Joshua W. Sapan,X
31795,2017,Susan R. Salka,susansalka
50205,2017,Arthur S. Przybyl,X
27741,2017,Peter T. Dameris,X
28491,2017,Randall L. Stephenson,X
42959,2017,Michael T.C. Prior,X
53405,2017,John Sarvis,X
18013,2017,Morris S. Young,X
49446,2017,Thomas E. Ferguson,X
50434,2017,"John W. Robinson, III",X
13896,2017,Miles D. White,X
46494,2017,Richard A. Gonzalez,X
51159,2017,Fran Horowitz,X
46485,2017,Michael R. Minogue,MikeMinogueABMD
55158,2017,Joey A. Jacobs,X
29665,2017,Kenneth F. Bernstein,X
49265,2017,Salvatore J. Guccione,X
30595,2017,Philip George Heasley,X
46385,2017,Ron Cohen,roncohenshair
51675,2017,Robert A. Kotick,BobbyKotick
53858,2017,Randal Wayne Baker,X
28226,2017,Vernon J. Nagel,X
20967,2017,Shantanu Narayen,X
53525,2017,Lisa W. Wardell,lisawwardell
17227,2017,Thomas R. Stanton,X
54481,2017,Thomas R. Greco,X
39865,2017,Michael S. Burke,mikeAECOM
50059,2017,Charles R. Gordon,X
53691,2017,Erin N. Kane,X
52007,2017,Eileen P. Drake,rakeEileen
46953,2017,Lisa T. Su,LisaSu
34297,2017,Yuval Wasserman,YuvalWasserman
32394,2017,Mark Thomas Bertolini,mtbert
34303,2017,Sean Michael Healey,X
39774,2017,Michael R. McMullen,X
47958,2017,Joel N. Agree,X
49820,2017,Seifollah Ghasemi,X
49100,2017,F. Thomson Leighton,TomLeightonAKAM
44979,2017,Rajat Rai,X
53441,2017,Ronald A. Robinson,X
56161,2017,Stephen S. Trundle,X
21571,2017,Bradley D. Tilden,X
30215,2017,Joseph G. Morone,X
30362,2017,"Luther C. Kissam, IV",X
30982,2017,Sean M. Stack,SeanStack77
46187,2017,Christopher J. Benjamin,X
34318,2017,"Joel S. Marcus, CPA, J.D.",TheTattooJew
59449,2017,Ludwig N. Hantson,X
52283,2017,Joseph M. Hogan,X
44973,2017,Weston M. Hicks,X
23580,2017,Richard J. Harshman,X
38471,2017,"Maurice J. Gallagher, Jr.",X
39047,2017,Alan R. Hodnik,X
30833,2017,Edward J. Heffernan,X
40964,2017,Patricia Leonard Kampling,X
47480,2017,Paul M. Black,PaulMBlack
9387,2017,"Thomas Joseph Wilson, II",X
31079,2017,Lawrence Edward Page,Plaid_Page
54713,2017,Dexter G. Goei,X
37255,2017,Martin J. Barrington,X
14745,2017,Jeffrey P. Bezos,jeffbezos
59229,2017,Claude L. LeBlanc,X
51134,2017,Paul Berthold Kusserow,X
25008,2017,"Warner L. Baxter, CPA, CPA",X
49256,2017,William Douglas Parker,X
48086,2017,Ernest Sylvan Rady,X
53460,2017,David Charles Dauch,X
44575,2017,"William C. Bayless, Jr.",X
43255,2017,Nicholas K. Akins,X
17998,2017,Jay L. Schottenstein,X
49728,2017,John Michael Matovina,X
111,2017,Kenneth I. Chenault,X
9693,2017,Stephen Craig Lindner,X
59845,2017,Brian Charles Duperreault,X
40040,2017,"Wallace E. Boston, Jr.",wallyboston
30871,2017,Robert J. Sprowls,X
34348,2017,"James D. Taiclet, Jr.",X
38031,2017,Eric G. Wintemute,X
52347,2017,Susan N. Story,X
39964,2017,Gerry Janelle Frost,X
24915,2017,Steven H. Collis,stevecollis_abc
35939,2017,James M. Cracchiolo,X
51818,2017,"Edwin W. Hortman, Jr.",X
27232,2017,David A. Zapico,X
34806,2017,Robert A. Bradway,X
35947,2017,Richard Adam Norwitt,X
53649,2017,Yongfeng Zhang,X
30473,2017,R. A. Walker,X
33925,2017,Vincent T. Roche,X
55835,2017,Fred B. Parks,X
43396,2017,Gregory J. Goff,X
51953,2017,Patrick E. Bowe,X
48213,2017,Charles H. Sherwood,X
34334,2017,Robert J. Eck,X
54961,2017,Ajei S. Gopal,X
49128,2017,Joseph R. Swedish,X
50448,2017,"John J. Christmann, IV",X
25130,2017,"Terry Considine, J.D.",X
45891,2017,Joseph F. Puishys,X
55432,2017,"Stuart A. Rothstein, CPA",X
15741,2017,Timothy D. Cook,tim_cook
46293,2017,Neil A. Schrimsher,X
46415,2017,Gary E. Dickerson,X
55251,2017,Chih-Hsiang Lin,X
59303,2017,Stephan B. Tanda,X
44668,2017,"J. Ross Craft, P.E.",X
37458,2017,Christopher H. Franklin,chrisaquaceo
32141,2017,Judy R. McReynolds,X
22711,2017,John W. Eaves,X
34620,2017,D. Bradley Childers,X
60114,2017,David P. Hess,X
55482,2017,Louis S. Haddad,X
55806,2017,Scott J. Ulm,X
38477,2017,Paolo Pucci,X
25575,2017,Michael J. Long,X
52285,2017,Craig T. Monaghan,X
8903,2017,David R. Jaffe,X
51698,2017,William A. Wulfsohn,X
38410,2017,Antonio J. Pietri,antoniojpietri
39259,2017,Philip B. Flynn,X
45769,2017,Alan B. Colberg,X
50147,2017,Benjamin G. Brock,X
32605,2017,William J. Flynn,X
33845,2017,Kim R. Cocklin,X
47499,2017,Amar Hanspal,X
38270,2017,Carlos A. Rodriguez,X
20938,2017,Michael J. Jackson,ceomikejackson
29993,2017,"William C. Rhodes, III",X
28783,2017,Timothy J. Naughton,X
43265,2017,Mitchell R. Butier,X
49651,2017,"Louis Hernandez, Jr.",lhernandezjr
34381,2017,Larry D. De Shon,ceolarrydeshon
24529,2017,Scott L. Morris,X
55553,2017,William Joseph Amelio,X
46963,2017,Sherilyn S. D. McCoy,X
19822,2017,Richard P. Moberg,X
22078,2017,Mary G. Puma,X
48629,2017,Patrick W. Smith,axonrick
9224,2017,Kelly Stuart King,X
43571,2017,Robert C. Cantwell,X
48044,2017,Gregory Garrabrants,X
52756,2017,Peter C. Alexander,X
38480,2017,Richard A. Meeusen,rmeeusen
60148,2017,Lorenzo Simonelli,simonelli_l
53147,2017,Theodore L. Harris,X
32263,2017,John A. Hayes,X
46800,2017,"James D. Rollins, III",jdrollins3
59623,2017,Douglas H. Bowers,X
28715,2017,Brian Thomas Moynihan,X
30401,2017,Peter S. Ho,X
38486,2017,"George G. Gleason, II",X
14209,2017,Gerald Lee Hassell,X
46525,2017,Mark J. Grescovich,X
32981,2017,Patrick J. Dempsey,X
38820,2017,"Kelvin P. M. Dushnisky, B.Sc. (Hon.), J.D., M.Sc.,",X
34391,2017,Thomas Monroe Patterson,X
8802,2017,"Robert H. Spilman, Jr.",X
52422,2017,Jos E. Almeida,X
35249,2017,Allan P. Merrill,X
20679,2017,Vincent A. Forlenza,X
13067,2017,Steven H. Temares,X
20622,2017,Daniel Bernstein,X
30983,2017,John S. Stroup,X
28660,2017,William F. Austen,X
54808,2017,Paul J. Tufano,X
29129,2017,"William Robert Berkley, Jr.",X
4699,2017,Warren E. Buffett,WarrenBuffett
60429,2017,Michael P. Daly,X
12363,2017,Gregory Edward Abel,X
34398,2017,Steven G. Miller,X
48838,2017,David J. Campisi,X
37490,2017,Sardar Biglari,X
17343,2017,Norman D. Schwartz,X
55292,2017,Michel Vounatsos,X
53829,2017,Joseph H. Capper,X
47883,2017,Charles R. Kummeth,X
54369,2017,John G. Cox,X
52736,2017,"Harold C. Flynn, Jr.",X
47615,2017,Gregory A. Trojan,X
24173,2017,David R. Emery,X
50392,2017,Thomas J. Sanzone,X
51248,2017,Michael P. Gianoni,mikegianoni
28691,2017,Laurence Douglas Fink,X
55016,2017,John S. Clendening,X
45065,2017,Dennis A. Muilenburg,BoeingCEO
50187,2017,Thomas Kevin Corrick,X
60326,2017,R. Seth Bullock,X
46021,2017,Glenn D. Fogel,X
45566,2017,James R. Verrier,X
36165,2017,Martin F. Roper,X
44190,2017,Clayton G. Deutsch,X
49045,2017,Owen David Thomas,X
45532,2017,Michael F. Mahoney,X
43176,2017,Robert A. Eberle,X
26600,2017,Keith E. Smith,X
51556,2017,J. Michael Nauman,X
29880,2017,Todd J. Teske,X
31758,2017,David H. Lissy,X
58090,2017,Eric Thomas Steigerwalt,X
42909,2017,Wyman T. Roberts,X
54357,2017,Douglas Allen Pertz,X
48343,2017,Giovanni Caforio,X
44413,2017,Jonathan E. Baliff,X
36048,2017,Richard J. Daly,X
49437,2017,Hock E. Tan,X
20562,2017,Pehong Chen,PehongChen
39701,2017,Paul A. Perrault,X
37772,2017,J. Powell Brown,X
38844,2017,Mark D. Schwabero,X
36171,2017,Dennis H. Nelson,X
55319,2017,Stephen D. Lebovitz,SDLebovitz
29214,2017,"Leslie Moonves, II",X
45013,2017,Edward T. Tilly,X
32481,2017,Robert E. Sulentic,X
53656,2017,Brian Patrick MacDonald,X
44866,2017,Thomas E. Richards,X
42136,2017,W. Anthony Will,X
19062,2017,John P. Wiehoff,X
30516,2017,David Michael Cordani,X
53022,2017,Ellen R. Alemany,X
34042,2017,Terrence A. Duffy,X
50480,2017,Patricia Kessler Poppe,X
50178,2017,Thomas Leverton,X
54059,2017,Dino Ennio Robusto,X
34519,2017,Edward John Bonach,X
42383,2017,Bret C. Griess,X
59865,2017,"E. Hunter Harrison, LL.D.",X
48692,2017,Kieran M. O'Sullivan,X
31468,2017,Nicholas J. DeIuliis,X
45477,2017,Christopher D. Myers,X
13052,2017,Larry J. Merlo,X
48087,2017,Donald Jeffrey Gawick,X
51401,2017,Julia M. Laulis,X
38852,2017,Sean D. Keohane,X
23837,2017,Dan O. Dinges,X
49936,2017,David H. Li,X
47785,2017,Kenneth Asbury,X
37395,2017,Lip-Bu Tan,X
52698,2017,Mark P. Frissora,X
47790,2017,Michael J. Burdiek,X
38502,2017,Lecil E. Cole,X
29266,2017,Diane M. Sullivan,X
49898,2017,Todd A. Stevens,X
51977,2017,Martin A. Kropelnicki,X
47229,2017,"Oliver G. Brewer, III",X
55620,2017,"Joseph C. Gatto, Jr.",X
37272,2017,"John B. Hill, III",X
10532,2017,Steven M. Klosk,X
34445,2017,Richard J. Campo,X
35888,2017,Denise Mullen Morrison,X
48111,2017,Jorgen B. Hansen,X
39924,2017,J. Kevin Gilligan,X
14064,2017,Richard D. Fairbank,X
47871,2017,Phillip A. Reinsch,X
32705,2017,Gary A. Kolstad,X
35861,2017,George S. Barrett,X
52907,2017,Todd S. Nelson,X
49475,2017,"Gregory K. Stapley, J.D.",X
36904,2017,D. Christian Koch,X
47620,2017,William D. Nash,X
48503,2017,Arnold W. Donald,X
47793,2017,Tony R. Thene,X
46546,2017,"Sylvester P. Johnson, IV, IV",X
55498,2017,T. Alex Vetter,X
39877,2017,Michael D. Casey,X
51979,2017,Steven W. Scheinkman,X
51367,2017,John R. Chiminski,X
48694,2017,"D. James Umpleby, III",X
48919,2017,Pin Tai,X
5773,2017,John P. Derham Cato,X
53153,2017,Joseph H. Stegmayer,X
45930,2017,Bruce J. Schanzer,X
47551,2017,Mark J. Alles,X
36182,2017,Michael Frederic Neidorff,X
50050,2017,Scott M. Prochazka,X
53925,2017,George C. Roeth,X
43455,2017,Anli Ngo,X
33256,2017,Michael A. Bless,X
2865,2017,"Glen F. Post, III",X
7197,2017,Clifford W. Illig,X
43180,2017,Gideon Wertheizer,X
24168,2017,James C. Foster,X
54858,2017,William C. Johnson,X
53755,2017,Thomas M. Rutledge,X
55530,2017,Jeffrey H. Fisher,X
8496,2017,David M. Overton,X
5797,2017,Kevin J. McNamara,X
57636,2017,David T. Provost,X
51387,2017,Mark P. Vergnano,X
49342,2017,Robert Douglas Lawler,X
49511,2017,James L. Francis,X
23862,2017,John S. Watson,X
53446,2017,Shelley G. Broader,broaderview
42622,2017,Jane T. Elfers,X
36060,2017,M. Steven Ells,X
45955,2017,Joel N. Waller,X
32925,2017,Matthew Thomas Farrell,X
53499,2017,William C. Carstanjen,X
53398,2017,Steven J. Hislop,X
18307,2017,Gary B. Smith,X
28862,2017,Thomas E. Jorden,X
48699,2017,Leigh R. Fox,X
37114,2017,"Steven Justus Johnston, FCAS, MAAA, CFA, CERA",X
53072,2017,Mark Zoradi,X
48612,2017,Scott A. Buckhout,X
35424,2017,Jason P. Rhode,X
47917,2017,Charles H. Robbins,ChuckRobbins
43293,2017,Michael L. Corbat,X
52186,2017,Bruce W. Van Saun,X
55348,2017,Kirill Tatarinov,KirillTatarinov
38521,2017,Charles R. Hageboeck,X
49477,2017,Bradley J. Dodson,X
55179,2017,Ronald Marshall,X
39358,2017,Alan S. McKim,X
37542,2017,Linda K. Massman,X
50472,2017,C. Lourenco Goncalves,X
49535,2017,Benno O. Dorer,X
45004,2017,Colin Marshall,X
5807,2017,"J. Frank Harrison, III",X
51984,2017,James Robert B. Quincey,X
27580,2017,Mitchell J. Krebs,X
52301,2017,David Schaeffer,X
36987,2017,Robert J. Willett,X
27658,2017,Francisco D'Souza,X
13762,2017,John R. Ambroseo,X
45096,2017,Luis A. Mller,X
23709,2017,Ian M. Cook,X
50244,2017,Hadley S. Robbins,X
38529,2017,Brian E. Lane,X
581,2017,Brian L. Roberts,X
9504,2017,"Ralph W. Babb, Jr.",X
10850,2017,David W. Kemper,X
43049,2017,Joseph Alvarado,X
36189,2017,Mark E. Tryniski,X
33059,2017,Wayne T. Smith,X
56154,2017,Timothy G. Wallace,X
49155,2017,Francis J. Malecha,X
39860,2017,"John Boyd Douglas, Jr.",X
25792,2017,Arthur W. Crumlish,X
40022,2017,Gian M. Fulgoni,gfulgoni
36064,2017,Miles Jay Allison,X
29859,2017,Fred Kornberg,X
52325,2017,Timothy A. Leach,X
50657,2017,Curt R. Hartman,X
56231,2017,James A. Brock,X
49744,2017,"C. Robert Udell, Jr.",X
48704,2017,John J. McAvoy,X
13122,2017,"Robert S. Sands, II",X
48910,2017,Allan D. Keel,X
55647,2017,Martin Plaehn,X
39716,2017,Andrea J. Ayers,X
13891,2017,Robert S. Weiss,X
53781,2017,Jeffrey S. Edwards,X
38895,2017,Bradley E. Hughes,X
17883,2017,A. Jayson Adair,X
56331,2017,Joseph K. Belanoff,X
51665,2017,Thomas B. Perkins,X
55147,2017,Paul E. Szurek,X
45925,2017,Frank D. Martell,X
41861,2017,Damon T. Hininger,DamonHininger
18372,2017,Wendell P. Weeks,X
45523,2017,Stephen E. Budorick,X
39446,2017,"Victor Gordon Clemons, Sr.",golf02022002
28254,2017,W. Craig Jelinek,X
53598,2017,Camillo Pane,X
34576,2017,"Lawrence L. Gellerstedt, III",X
38378,2017,Sandra Brophy Cochran,X
28540,2017,Max H. Mitchell,X
52222,2017,Peter J. Ungaro,PeterUngaro1
18560,2017,Charles M. Swoboda,X
50972,2017,Andrew Rees,X
49123,2017,William J. Grubbs,CEOCrossCountry
44993,2017,Jay A. Brown,X
34524,2017,Timothy J. Donahue,X
50742,2017,James Patrick MacKin,X
48114,2017,Bradley H. Feldmann,X
5864,2017,Phillip D. Green,X
23443,2017,N. Thomas Linebarger,X
32781,2017,David C. Adams,X
53376,2017,Jay S. Sidhu,X
60228,2017,James A. Reinstein,JAReinstein
52613,2017,Hassane El-Khoury,HassaneElkhoury
55387,2017,Robert I. Blum,X
54256,2017,Gary J. Wojtaszek,X
53065,2017,Philip L. Hawkins,X
57930,2017,David R. Lukes,X
49910,2017,David V. Auld,X
46268,2017,Michael P. Durney,MikeDurney1
38903,2017,Stephen C. Hooley,X
42357,2017,Ofer Elyakim,X
14261,2017,Gerard M. Anderson,X
54818,2017,Roger L. Rawlins,X
47976,2017,David R. Little,X
51989,2017,James K. Kamsickas,X
34148,2017,"Thomas P. Joyce, Jr.",X
36201,2017,"Randall C. Stuewe, Randy",X
21028,2017,Kent J. Thiry,KentThiry
52863,2017,Ralph P. Scozzafava,X
32047,2017,Samuel R. Allen,X
31643,2017,Edward H. Bastian,X
52701,2017,Christian S. Kendall,X
4471,2017,Michael S. Dell,MichaelDell
32718,2017,Lee J. Schram,X
45472,2017,John C. Miller,X
54743,2017,Jeffrey T. Slovin,X
58187,2017,Arthur Joseph Higgins,X
22444,2017,David A. Levin,X
42555,2017,David A. Hager,X
50808,2017,Marc Gerard Rex Edwards,X
34565,2017,Mark W. Brugger,X
31942,2017,Edward W. Stack,X
48362,2017,Andreas Walter Mattes,Andy_Mattes
51749,2017,Ronald E. Konezny,X
53354,2017,Arthur William Stein,X
22992,2017,Kenneth J. Mahon,X
754,2017,"William T. Dillard, II",X
60067,2017,Richard J. Dahl,X
30854,2017,Keh-Shew Lu,X
52706,2017,Philip R. Hagerman,X
20714,2017,Robert A. Iger,RobertIger
35959,2017,David W. Nelms,X
39943,2017,David M. Zaslav,X
54381,2017,W. Erik Carlson,X
5887,2017,Daniel K. Frierson,X
42236,2017,Todd J. Vasos,X
19468,2017,Bob Sasser,X
16156,2017,"Thomas F. Farrell, II",X
47763,2017,J. Patrick Doyle,X
44322,2017,John D. Williams,X
38272,2017,Tod E. Carpenter,X
34234,2017,Daniel Lee Knotts,X
53689,2017,Daniel N. Leib,X
46829,2017,Mathias J. Barton,X
50995,2017,Jordan L. Kaplan,X
37150,2017,Robert A. Livingston,X
26893,2017,"Andrew N. Liveris, AO",X
36620,2017,Larry D. Young,X
45658,2017,Blake T. DeBerry,X
44115,2017,James B. Connor,JBC366
37131,2017,Lynn J. Good,X
48708,2017,Robert P. Carrigan,BobCarrigan
51216,2017,Nigel Travis,nigeltravis
15734,2017,Steven E. Nielsen,X
45962,2017,Robert C. Flexon,robert_flexon
53653,2017,Stephen J. Sather,X
45458,2017,William R. Thomas,X
36926,2017,Steven T. Schlotterbeck,X
36222,2017,Gregory K. Silvers,X
46941,2017,Christopher S. Bradshaw,X
49030,2017,Karl A. Roessner,X
38092,2017,David B. Powers,X
53645,2017,Scott L. Tarriff,X
20526,2017,Dominic Ng,X
56148,2017,"William C. Trimble, III",X
52463,2017,Marshall A. Loeb,X
34163,2017,Mark J. Costa,X
50498,2017,"Jeffrey J. Clarke, M.B.A.",X
45686,2017,Devin N. Wenig,devinwenig
39340,2017,Robin Raina,X
51017,2017,Douglas R. Waggoner,echoceo
23730,2017,"Douglas M. Baker, Jr.",CEOEcolab
60176,2017,Jeffrey L. Rutherford,X
30026,2017,David P. Hatfield,X
37018,2017,Pedro J. Pizarro,X
49739,2017,Randall L. Churchey,X
21690,2017,Michael A. Mussallem,X
55412,2017,Scott N. Flanders,sflanders1 ?
44086,2017,Mary E. Kipp,X
47724,2017,Andrew Wilson,X
46511,2017,Guy Gecht,GuyGecht
35261,2017,Oscar Feldenkreis,X
29360,2017,Anthony J. Guzzi,X
38557,2017,Daniel J. Abdun-Nabi,X
20544,2017,David N. Farr,X
20534,2017,Jeffrey H. Smulyan,X
38564,2017,Douglas Dean Dirks,X
51356,2017,Jay R. Luly,X
49095,2017,Ashish Masih,X
38570,2017,Daniel L. Jones,X
32941,2017,Mark J. Tarr,X
13622,2017,"James T. McManus, II",X
51392,2017,Alan R. Hoskins,X
48035,2017,David M. Shaffer,X
54706,2017,Lynn A. Dugle,X
15150,2017,Keith S. Walters,X
37307,2017,Stephen E. Macadam,X
49990,2017,"David A. Fisher, J.D.",X
42886,2017,Christopher R. Christensen,X
20826,2017,David J. Field,DavidFieldETM
28688,2017,Leo P. Denault,X
5925,2017,"Elazar Rabbani, Ph.D.",X
30608,2017,Richard F. Smith,X
38575,2017,Stephen M. Smith,X
21386,2017,David J. Neithercut,X
36977,2017,"Victor L. Richey, Jr.",X
53428,2017,"Robert B. Aiken, Jr.",X
27401,2017,"Michael J. Schall, CPA",X
50027,2017,Curtis Carl Reusser,X
7951,2017,M. Farooq Kathwari,X
48057,2017,Ralph Lewis Schlosstein,X
27492,2017,Mark A. Ruelle,X
58544,2017,"Morgan M. Schuessler, Jr.",X
46728,2017,James J. Judge,X
34125,2017,Christopher M. Crane,X
46251,2017,Rohit Kapoor,X
34604,2017,Dara Khosrowshahi,dkhos
50501,2017,Jeffrey S. Musser,X
38586,2017,Paul R. Johnston,X
51538,2017,David G. Kornberg,X
50240,2017,Timothy C. Wentworth,X
53039,2017,"Joseph D. Margolis, J.D.",X
51645,2017,"Edward B. Meyercord, III",X
52190,2017,Andrew James Way,X
51780,2017,Stuart Ian Grimshaw,X
53531,2017,Darren W. Woods,X
25711,2017,Andrew C. Teich,AndyTeich
43313,2017,Pierre R. Brondeau,X
44153,2017,"Vincent J. Delie, Jr.",X
60253,2017,John C. Walden,X
50823,2017,Steven H. Gunby,X
48275,2017,Mark Elliot Zuckerberg,X
49931,2017,Frederick Philip Snow,X
46487,2017,William J. Lansing,X
34633,2017,Simon Raab,X
16179,2017,Daniel L. Florness,X
46809,2017,Donald H. Layton,X
38930,2017,Timothy J. Mayopoulos,X
34638,2017,"Donald C. Wood, CPA",X
28763,2017,Jennifer L. Sherman,X
21390,2017,John Christopher Donahue,X
37319,2017,Peter T. Thomas,X
29701,2017,John McAdam,X
37283,2017,Gary Adam Norcross,Gary_Norcross
31984,2017,Raymond Randall Quirk,X
53953,2017,"James B. Miller, Jr.",X
60329,2017,Richard C. Stockinger,X
28392,2017,Gregory D. Carmichael,X
44692,2017,Lawrence Michael Raffone,X
44500,2017,Samuel M. Sato,X
43248,2017,Dennis Joseph Gilmore,X
16709,2017,Aurelio Alemn-Bermudez,X
37810,2017,Thomas Michael Price,X
48549,2017,Frank J. Bisignano,X
31989,2017,Claude E. Davis,X
35747,2017,F. Scott Dueser,X
34808,2017,D. Bryan Jordan,X
54924,2017,Peter E. Baccile,X
25907,2017,Michael L. Scudder,X
36773,2017,"James H. Herbert, II",X
45845,2017,Mark R. Widmar,X
33293,2017,Rick L. Wessel,X
30590,2017,Jeffrey W. Yabuki,jeffyabuki
42620,2017,Alessandro P. DiNello,sandrodinello
43756,2017,"Charles E. Jones, Jr.",X
51932,2017,Joel D. Anderson,X
47934,2017,John William Chisholm,X
37031,2017,David Thomas Seaton,X
26112,2017,Allen L. Shiver,X
58702,2017,Robert Scott Rowe,X
17487,2017,Richard A. Johnson,X
23940,2017,"William Clay Ford, Jr.",X
45865,2017,Phillip J. Weber,X
58350,2017,Michael D. Slessor,X
39627,2017,George F. Colony,gcolony
48674,2017,Ken Xie,KenXieFortinet
53683,2017,James A. Lico,X
44947,2017,Christopher J. Klein,X
17767,2017,Kosta N. Kartsotis,X
51795,2017,"William Howard Lenehan, IV",X
53637,2017,Larry L. Enterline,X
55446,2017,Steven Paul Lawrence,X
17953,2017,Robert A. Whitman,X
44787,2017,Gregg C. Sengstack,X
20677,2017,"Gregory Eugene Johnson, CPA",X
39928,2017,George John Carter,X
51089,2017,Michael K. R. Bloom,X
9286,2017,Richard C. Adkerson,X
29304,2017,Daniel J. McCarthy,X
37366,2017,E. Philip Wenger,X
48307,2017,"Paul Anthony Novelly, II",X
14104,2017,Brian A. Kenney,X
36597,2017,"George C. Zoley, Ph.D.",X
13078,2017,Ronald A. Duncan,X
45550,2017,Sandeep Lakhmi Mathrani,X
11164,2017,Morris Goldfarb,X
54605,2017,Patrick M. Gallagher,X
37664,2017,J. Paul Raines,X
51408,2017,Robert J. Dickey,X
37246,2017,Arthur Peck,Artpeck
54375,2017,Vicente Reynal,X
29496,2017,Eugene A. Hall,X
52784,2017,Michael T. McDonnell,X
45152,2017,Phebe N. Novakovic,X
21042,2017,Jeffrey R. Immelt,JeffImmelt
47522,2017,Mary T. Barra,mtbarra
29493,2017,Robert J. Dennis,X
46363,2017,John C. Hellmann,X
33962,2017,Paul D. Donahue,X
49157,2017,Thomas Joseph McInerney,TomMcInerney82
50760,2017,Daniel R. Coker,X
46549,2017,Walter R. Wheeler,X
48721,2017,Christopher J. Constant,X
50769,2017,Frank G. Heard,X
27491,2017,John F. Milligan,X
52152,2017,Randall M. Chesler,X
53289,2017,Robert B. Fernander,X
24068,2017,Dante C. Parrini,X
44570,2017,"Jeffrey S. Sloan, J.D.",X
53993,2017,David C. Paul,X
24950,2017,Lloyd C. Blankfein,lloydblankfein
28457,2017,Richard J. Kramer,X
46399,2017,David M. Blackman,X
31669,2017,Alfred E. Festa,X
22036,2017,Patrick J. McHale,X
50624,2017,Timothy J. OShaughnessy,oshy
38953,2017,Donald G. MacPherson,X
29018,2017,James Hildebrand Roberts,X
53738,2017,"Richard S. Chernicoff, J.D.",X
34682,2017,Terry D. Bassham,X
52718,2017,Kenneth James Karels,X
57824,2017,"Manuel J. Mehos, CPA, CPA",X
48072,2017,Steven W. Streit,X
48293,2017,Todd A. Becker,X
51821,2017,William A. Furman,X
35826,2017,"Scott L. Bok, J.D.",X
50039,2017,Peter G. Watson,X
36556,2017,Ronald J. Kramer,X
31166,2017,"Earl J. Hesterberg, Jr.",X
53449,2017,Amigo Victor Herrero,X
36250,2017,Kirk J. Meche,X
49553,2017,Quintin V. Kneen,X
42963,2017,Michael G. Moore,X
39322,2017,Thomas M. Herzog,X
48066,2017,Pareshbhai Suryakant Patel,X
51230,2017,Mark D. Gibson,X
24028,2017,Stanley A. Askren,X
34783,2017,William C. Lucia,BCLHMS
48404,2017,Dion J. Weisler,dionweisler
55491,2017,Christopher Simon,X
18221,2017,Irwin David Simon,X
47017,2017,Jeffrey Allen Miller,X
49891,2017,Robert E. Abernathy,X
33994,2017,John M. Hairston,X
36084,2017,"Gerald W. Evans, Jr.",X
43845,2017,Vinit K. Asar,X
48991,2017,Chong Guk Kum,X
54937,2017,Joseph Michael Zubretsky,X
39290,2017,Matthew S. Levatich,X
24272,2017,Patrick J. Harshman,X
46303,2017,William M. Brown,X
48394,2017,"F. Nicholas Grasberger, III",X
52624,2017,Karen A. Puckett,Karen_A_Puckett
43932,2017,Christopher Jerome Swift,X
21459,2017,Brian D. Goldner,_bgoldner
27441,2017,Clarence H. Smith,X
23923,2017,Constance Hee Lau,X
51281,2017,Mark B. Dunkerley,X
44486,2017,Mark M. Comerford,X
37431,2017,Theodore Wahl,edWahlHCSG
45557,2017,Todd J. Meredith,X
46240,2017,"Robert A. Frist, Jr.",X
51373,2017,Jon Kessler,X
28921,2017,Michael J. Gerdin,X
24817,2017,"Phillips S. Baker, Jr.",X
52952,2017,Krishnan Rajagopalan,KRajagopalan_
18111,2017,Owen E. Kratz,X
32073,2017,John W. Lindsay,X
51593,2017,David B. Foss,X
54449,2017,Jay H. Shah,X
30359,2017,Michele Gross Buck,X
54973,2017,Kevin S. Wilson,X
79,2017,John B. Hess,X
51789,2017,Margaret Cushing Whitman,MegWhitman
27864,2017,Jeffry O. Rosenthal,X
37424,2017,R. Scot Woodall,X
26485,2017,Edward J. Fritsch,X
43058,2017,John J. Greisch,X
36629,2017,Joe A. Raver,X
47815,2017,Christopher J. Nassetta,X
38622,2017,George J. Damiris,X
49889,2017,Stephen P. MacMillan,X
39973,2017,C. Randall Sims,X
34193,2017,Craig A. Menear,X
54003,2017,Mark K. Mason,Masoniam
54028,2017,Darius E. Adamczyk,X
49288,2017,Henry E. Dubois,X
49506,2017,"Kevin Sung Kim, J.D.",X
48929,2017,Marita Zuraitis,X
53878,2017,James P. Snee,X
33011,2017,Todd M. Hornbeck,X
23057,2017,John G. Murray,X
32438,2017,James F. Risoleo,X
30914,2017,Ara K. Hovnanian,X
30455,2017,David P. Yeager,X
32756,2017,David G. Nord,X
45547,2017,Bruce Dale Broussard,BruceDBroussard
45173,2017,"John N. Roberts, III",X
38979,2017,Stephen D. Steinour,X
44347,2017,C. Michael Petters,X
53240,2017,Joseph M. Levin,joeyl
51117,2017,Vivek Jain,X
37975,2017,Craig M. Nash,X
49957,2017,Valentin P. Gapontsev,X
30920,2017,Jay S. Sugarman,X
34198,2017,Denise L. Ramos,X
55260,2017,John N. Haugh,sgh_john
26336,2017,Jonathan W. Ayers,X
20591,2017,Steven Humphreys,X
45089,2017,Robert W. Pittman,PittmanRadio
38981,2017,E. Scott Santi,X
51887,2017,Francis A. deSouza,fdesouza
59445,2017,Paul M. Bisaro,PaulBisaro
50766,2017,Herv Hoppenot,IloveIncyte
55483,2017,Scott F. Schaeffer,X
39396,2017,Christopher Oddleifson,chrisoddleifson
34699,2017,"William Bradford Kessel, CPA",X
29118,2017,James Randall Gober,X
53253,2017,D. Michael Wilson,X
42409,2017,Ilene S. Gordon,X
43923,2017,Kenneth T. Lamneck,X
51472,2017,Patrick S. Williams,X
53053,2017,Kim Ann Mink,X
5936,2017,"Howard O. Woltz, Jr.",X
19815,2017,Paul J. Sarvadi,X
51365,2017,Scott Wilkinson,X
51752,2017,Jeffrey W. Edwards,X
53988,2017,Michael W. Aguiar,X
53330,2017,Susan G. Swenson,X
43925,2017,Peter J. Arduini,X
47026,2017,Brian M. Krzanich,bkrunner
59610,2017,Joseph W. Dziedzic,X
44459,2017,Jean Madar,X
42877,2017,Thomas Pechy Peterffy,thomas_peterffy
52496,2017,Jay D. Gould,X
34709,2017,Jeffrey C. Sprecher,X
46308,2017,William J. Merritt,X
55025,2017,Peter D. Aquino,X
39431,2017,Dennis Edward Nixon,X
36942,2017,Virginia M. Rometty,X
50063,2017,Andreas Fibig,X
45185,2017,Mark Stephan Sutton,X
18155,2017,Lesa France Kennedy,LesaISC
29980,2017,Michael Isor Roth,X
49000,2017,Wendell T. Blonigan,X
51637,2017,Sean Michael O'Connor,X
30009,2017,Brad D. Smith,IntuitBrad
52501,2017,Matthew E. Monaghan,X
29715,2017,Gary S. Guthart,X
40054,2017,"Robert P. Jornayvaz, III",X
55329,2017,Francis Joseph Troise,X
33058,2017,R. Brian Hanson,X
46173,2017,Kenneth Joseph Zagzebski,X
55641,2017,Ari Bousbib,X
50397,2017,Matthew J. Desch,IridiumBoss
44621,2017,Colin M. Angle,X
49005,2017,"William L. Meaney, BSc, MEng, MSIA",X
28524,2017,Philip C. Mezey,PhilipMezey
60153,2017,W. Matthew Kelly,X
7184,2017,Gerald B. Shreiber,X
28857,2017,James Dimon,X
43104,2017,Leonard A. Comma,X
60202,2017,"James W. Brett, Jr.",X
51716,2017,Steven J. Demetriou,X
48744,2017,Richard Brian Handler,HandlerRich
37854,2017,Robin Hayes,X
49221,2017,Thomas W. Giacomini,X
45191,2017,Alex Gorsky,X
42401,2017,Christian Ulbrich,X
36282,2017,Nehemia Zucker,X
47383,2017,Rami Rahim,ramirahim
50982,2017,Stuart J. B. Bradie,X
26372,2017,Richard P. Wallace,X
49900,2017,Amin J. Khoury,X
42948,2017,Jack A. Hockema,X
33999,2017,Neal J. Keating,X
32922,2017,Patrick J. Ottensmeyer,X
43218,2017,Matthew Kaplan,X
18188,2017,Jeffrey T. Mezger,X
28564,2017,John A. Bryant,X
34754,2017,George S. Corona,X
29609,2017,Per-Olof Loof,X
52714,2017,"Joseph Patrick Lacher, Jr.",X
53538,2017,Ronald M. De Feo,X
32281,2017,Beth E. Mooney,X
49883,2017,Ronald S. Nersesian,X
23066,2017,"John B. Kilroy, Jr.",X
4834,2017,Thomas J. Falk,X
48932,2017,Conor C. Flynn,X
30727,2017,Steven J. Kean,X
41221,2017,Benjamin A. Breier,X
43347,2017,"David W. Grzebinski, C.F.A.",X
42842,2017,W. Michael Madden,X
34764,2017,John A. Kite,X
48536,2017,Jeffrey S. Niew,X
12926,2017,Kevin Mansell,X
20454,2017,Chin Chiang Fan,X
44305,2017,"Leroy M. Ball, Jr.",X
48399,2017,Bernardo Vieira Hees,X
44636,2017,Kevin M. Fogarty,X
16382,2017,William Rodney McMullen,X
59934,2017,Fusen Ernie Chen,X
1329,2017,Leslie H. Wexner,Les_Wexner
34850,2017,Keith G. Myers,X
53640,2017,Eric Thomas Lipar,X
52310,2017,Dominick P. Zarcone,X
31113,2017,Jason D. Lippert,JasonDLippert
53168,2017,Daniel D. Greenwell,X
30694,2017,Wendy L. Simpson,X
54320,2017,"Thomas J. Quinlan, III",X
19200,2017,Michael T. Strianese,X
31744,2017,Martin B. Anstice,X
34781,2017,Sean E. Reilly,X
3396,2017,"John B. Gerlach, Jr.",X
34840,2017,James B. Gattoni,X
49486,2017,Arthur P. Bedrosian,X
55278,2017,Mary Anne Heino,X
35740,2017,Michael D. Barnello,X
44132,2017,Darin G. Billerbeck,X
38263,2017,Fabrizio Freda,X
47038,2017,Michael G. DeCata,X
35342,2017,Matthew J. Simoncini,X
32065,2017,Kevin D. Mowbray,X
25064,2017,Karl G. Glassman,X
47453,2017,Kevin J. Hanigan,X
25720,2017,Joseph A. Sullivan,X
50974,2017,Roger A. Krone,X
55417,2017,George W. LeMaitre,X
51515,2017,Douglas R. Lebda,DougLebda
11504,2017,Stuart A. Miller,X
34843,2017,Todd M. Bluedorn,X
26286,2017,T. Wilson Eglin,X
54886,2017,William A. Foley,X
36098,2017,William P. Hankowsky,X
22395,2017,"William F. Carpenter, III",X
36431,2017,David L. Rogers,X
57001,2017,David A. Ricks,X
44605,2017,Scott M. Shaw,X
45205,2017,Christopher L. Mapes,X
32390,2017,Dennis Robert Glass,X
20831,2017,Richard W. Parod,X
43015,2017,"William P. Angrick, III",bill_angrick
34863,2017,Bryan B. DeBoer,X
30556,2017,David W. Heinzmann,X
36297,2017,Michael Rapino,rapino99
44266,2017,Robert P. LoCascio,RobLoCascio
43351,2017,Marillyn A. Hewson,X
4838,2017,James S. Tisch,X
49214,2017,William R. Wagner,B_Wagner
46707,2017,William Bradley Southern,X
27559,2017,Robert Alan Niblock,X
23304,2017,"Christopher J. Pappas, Jr.",X
51616,2017,Alan S. Lowe,X
50906,2017,Nachum Shamir,X
34872,2017,Dale G. Barnhart,X
54305,2017,Matthew R. Zaist,X
10867,2017,Robert G. Wilmers,X
18958,2017,"Joseph Warner Brown, Jr.",X
46862,2017,Mitchell S. Feiger,X
6245,2017,Larry A. Mizel,X
43353,2017,David L. Goodin,X
28815,2017,Patrick Sinks,X
23752,2017,James Joseph Murren,X
59112,2017,Augustus C. Griffin,X
29885,2017,Robert H. Schottenstein,X
32843,2017,Gerald G. Colella,X
30632,2017,William M. Lambert,X
43153,2017,Erik David Gershwind,X
40035,2017,Henry A. Fernandez,X
46448,2017,Jeffrey A. Graves,X
51528,2017,"Richard S. Swartz, Jr.",X
29722,2017,"Arthur M. Coppola, CPA",X
53264,2017,"Michael J. DeMarco, CPA",X
47005,2017,Jeffrey Gennette,X
42811,2017,Edward R. Rosenfeld,X
48695,2017,Barry Morgan Smith,X
42411,2017,Eddie Capel,X
54129,2017,Barry L. Pennypacker,X
37869,2017,Alfredo Bala,albala
34053,2017,Jonas Prising,JonasPrising
36305,2017,George J. Pedersen,X
48429,2017,Lee M. Tillman,X
44695,2017,Gary R. Heminger,X
29848,2017,Gregory S. Marcus,GregorySMarcus
33141,2017,"William H. McGill, Jr.",X
46389,2017,Richard Mitchell McVey,X
44963,2017,Stephen P. Weisz,X
37202,2017,Daniel S. Glaser,X
21212,2017,Arne M. Sorenson,X
51350,2017,Randolph L. Marten,X
34799,2017,C. Howard Nye,X
50551,2017,Keith J. Allman,X
24684,2017,Jos Ramon Mas,JoseRMas
42454,2017,Ajaypal S. Banga,X
55540,2017,Joseph Wm. Foran,X
59859,2017,Jugal K. Vijayvargiya,X
44749,2017,John R. Hewitt,X
26876,2017,Matthew J. Cox,X
59947,2017,Mary Margaret Hastings Georgiadis,X
19836,2017,Kelly D. Conway,X
33890,2017,Joseph C. Bartolacci,X
9279,2017,Tun Doluca,X
55434,2017,Kishore Seendripu,X
24894,2017,Richard A. Montoni,X
32096,2017,Lawrence E. Kurzius,LKurzius
48752,2017,David Dickson,X
50557,2017,Stephen J. Easterbrook,SteveEasterbrk
13072,2017,John H. Hammergren,X
33096,2017,"Edward K. Aldag, Jr.",X
44567,2017,Clive A. Meanwell,clive_meanwell
54898,2017,Daniel R. Chard,X
45008,2017,Tarek A. Sherif,X
15136,2017,Roger J. Medel,X
30256,2017,Kenneth C. Frazier,X
35903,2017,Mark Aslett,MRCY_CEO
29739,2017,Gabriel Tirador,X
17784,2017,Stephen M. Lacy,X
31636,2017,John A. Kraeutler,X
36311,2017,Fred P. Lampropoulos,X
27420,2017,Steven J. Hilton,X
36535,2017,Jeffrey A. Craig,X
55716,2017,J. Tyler Haahr,X
37185,2017,Steven Albert Kandarian,X
26195,2017,Olivier A. Filliol,X
49291,2017,Carl S. Rubin,X
47866,2017,Satya Nadella,satyanadella
18581,2017,Michael J. Saylor,michael_saylor
15672,2017,D. Mark Durcan,X
22558,2017,James J. Peterson,X
31525,2017,"H. Eric Bolton, Jr.",X
45537,2017,Douglas T. Dietrich,X
31357,2017,Thomas A. Burke,X
8367,2017,Jeffrey S. Lorberbaum,X
60240,2017,Joseph Michael Zubretsky,X
37210,2017,Mark R. Hunter,X
45017,2017,Craig A. Wheeler,X
38838,2017,Craig O. Morrison,X
33260,2017,John Farahi,X
23492,2017,Irene B. Rosenfeld,X
45159,2017,W. Alexander Holmes,X
43006,2017,Michael R. Hsing,X
44327,2017,Scott E. Landers,X
23503,2017,Hugh Grant,X
29960,2017,Rodney Cyril Sacks,X
20223,2017,"Raymond W. McDaniel, Jr.",X
36530,2017,John R. Scannell,X
42285,2017,James Patrick Gorman,X
44925,2017,James C. ORourke,JocOrourke
26740,2017,Gregory Q. Brown,gregbrownmoto
33385,2017,Efraim Grinberg,X
32856,2017,Gregory L. Christopher,X
40646,2017,Roger W. Jenkins,X
47897,2017,R. Andrew Clyde,X
52522,2017,R. David Banyard,X
54383,2017,Mark Christopher Capone,X
54773,2017,"John H. Watt, Jr.",X
29744,2017,Norman C. Chambers,X
30276,2017,William R. Nuti,Bill_Nuti
25263,2017,Steven M. Shindler,X
46561,2017,Harry H. Herington,HarryatNIC
55604,2017,Bradley Mize Shuster,X
42731,2017,Mauricio Gutierrez,NRGMauricio
50705,2017,Ram Krishnan,X
19856,2017,Paul C. Saville,X
1638,2017,"Alfred Marshall Rankin, Jr.",X
44408,2017,Timothy J. Stultz,X
35980,2017,Adena T. Friedman,adenatfriedman
54021,2017,G. Timothy Laney,X
28299,2017,Ronald J. Tanski,X
21755,2017,"Alexander M. Davern, CPA",X
30998,2017,Clay C. Williams,X
3608,2017,Maryjo J. Cohen,X
27907,2017,Julian E. Whitehurst,X
55697,2017,Arlen Dale Nordhagen,X
34991,2017,Stanley Adam Galanski,X
45906,2017,Gregory L. Probert,X
35791,2017,James B. Hawkins,X
45544,2017,Bruce M. Cazenave,X
46441,2017,Troy A. Clarke,X
28006,2017,Julie M. Howard,X
23859,2017,John F. Remondi,X
38648,2017,John P. O'Donnell,X
51446,2017,Howard W. Robin,X
32861,2017,"Wilmot Reed Hastings, Jr.",reedhastings
29748,2017,C. S. Lo,X
6360,2017,Laurence M. Downes,X
15160,2017,Joseph R. Ficalora,X
58410,2017,"Steven R. Mumma, CPA",X
46722,2017,Mark J. T. Thompson,X
45243,2017,Michael B. Polk,MichaelPolk55
28847,2017,Lee K. Boothby,X
5312,2017,Thomas E. Gottwald,X
46724,2017,Gary J. Goldberg,X
47829,2017,Paul L. Howes,X
47887,2017,Robert J. Thomson,X
26848,2017,James L. Robo,JimRoboCEO
47067,2017,Joseph J. Hamrock,X
28685,2017,David L. Stover,X
43074,2017,Michael F. Hilton,X
16522,2017,Blake W. Nordstrom,X
34269,2017,James A. Squires,X
28546,2017,Frederick H. Waddell,FredWaddell2016
51508,2017,"Steven M. Klein, CPA",X
30956,2017,Wesley G. Bush,X
44523,2017,William J. Wagner,X
31068,2017,David Hugo Anderson,X
36953,2017,"Robert C. Rowe, Esq.",X
49483,2017,Robert R. Workman,X
54414,2017,Ritch N. Wood,X
26820,2017,John J. Ferriola,X
47590,2017,Dawn M. Zier,DawnZierNTRI
53137,2017,Gregory T. Lucier,X
40694,2017,Robert Sean Trauschke,X
19333,2017,Gregory L. Henslee,X
49873,2017,Jos Rafael Fernndez,X
42724,2017,Deepak Chopra,X
60297,2017,Thomas B. Nusz,X
50088,2017,Vicki A. Hollub,X
48773,2017,Roderick A. Larson,X
55038,2017,Gregory P. Dougherty,X
59099,2017,Gerry P. Smith,X
37477,2017,Cynthia B. Taylor,X
29754,2017,David S. Congdon,X
34902,2017,Robert G. Jones,X
10945,2017,Aldo Charles Zucaro,X
30220,2017,John E. Fischer,X
53665,2017,Mark Butler,X
36346,2017,Michael D. Siegal,X
5109,2017,John D. Wren,X
39486,2017,C. Taylor Pickett,X
52269,2017,Anne P. Noonan,X
34909,2017,Randall A. Lipps,X
48534,2017,"Pierce H. Norton, II",X
40698,2017,Terry K. Spencer,X
55360,2017,Scott M. Clements,X
53219,2017,Stephen H. Gordon,X
54223,2017,Douglas A. Michels,X
51399,2017,David W. Thompson,X
42894,2017,Mark R. Stauffer,X
44639,2017,Kevin J. Lynch,X
43096,2017,Wilson R. Jones,X
54657,2017,Samuel H. Norton,X
52544,2017,Paul Cody Phipps,X
22897,2017,Michael H. Thaman,X
50581,2017,Andres Alberto Lopez,X
29809,2017,"Thomas Caldecot Chubb, III",X
55457,2017,Thomas J. Nimbley,X
49390,2017,David A. Neumann,X
37973,2017,"Barton R. Brookman, Jr.",X
56323,2017,John K. Kibarian,X
37909,2017,John Peter McLaughlin,X
52548,2017,Geisha J. Williams,X
47532,2017,Robert B. Crowl,X
49405,2017,Rodney Hershberger,rod_hershberger
25023,2017,William S. Demchak,X
35023,2017,Patricia K. Vincent-Collawn,X
43368,2017,Michael H. McGarry,X
34214,2017,William H. Spence,X
60380,2017,Colin Shannon,MrColinShannon
36377,2017,Kevin P. Stevenson,X
49362,2017,Ronald E. Stewart,X
31539,2017,Maria R. Hawthorne,X
19396,2017,Emanuel Chirico,X
24935,2017,James E. Heppelmann,JimHeppelmann
39091,2017,Ronald E. Armstrong,X
55745,2017,Steven R. Gardner,X
22735,2017,Mark W. Kowlzan,X
35704,2017,Matthew P. Wagner,X
17117,2017,John H. Schnatter,IAmPapaJohn
55676,2017,William C. Pate,X
10404,2017,Brian E. Shore,X
47080,2017,Gary G. Rich,X
42920,2017,Thomas L. Williams,X
53555,2017,Todd M. Cleveland,X
47275,2017,"William Andrew Hendricks, Jr.",X
51420,2017,Daniel H. Schulman,Dan_Schulman
49118,2017,Glenn L. Kellow,X
54916,2017,Timothy J. Wilmott,X
45274,2017,John A. Brooks,X
50097,2017,Marvin R. Ellison,MarvinREllison
34964,2017,Joseph F. Coradino,X
58528,2017,David A. Spector,X
39384,2017,John P. Barnes,X
18812,2017,Indra K. Nooyi,IndraNooyi
34971,2017,Jeffrey S. Davis,X
53696,2017,George L. Holm,X
18883,2017,Robert F. Friel,X
31348,2017,Menderes Akdag,X
34985,2017,Charles T. Goodson,X
32234,2017,Ian C. Read,X
51756,2017,Jack Clifford Bendheim,X
37136,2017,Andr Calantzopoulos,X
46392,2017,Greg C. Garland,X
39324,2017,Peter S. Kirlin,X
59963,2017,Alasdair B. James,X
45406,2017,William W. Lovette,X
38655,2017,Michael Terry Turner,X
27518,2017,"Donald E. Brandt, CPA",X
43703,2017,Anthony M. Sanfilippo,X
35007,2017,William Stacy Locke,X
14675,2017,Timothy L. Dove,X
9093,2017,Andrew S. Duff,X
47092,2017,Marc B. Lautenbach,X
46177,2017,Joseph B. Burton,JoeBBurton
36965,2017,Scott W. Wine,X
37306,2017,Robert M. Patterson,X
19940,2017,Manuel J. Perez de la Mesa,X
43641,2017,"Ignacio Alvarez, Esq.",X
46608,2017,Robert V. Vitale,X
33003,2017,Michael J. Covey,X
53891,2017,Brett A. Cope,X
21876,2017,Balu Balakrishnan,X
23521,2017,Stephen F. Angel,X
33964,2017,"William J. Stromberg, CFA",X
46621,2017,Glenn Jackson Williams,X
39838,2017,Daniel Joseph Houston,X
35030,2017,"William Stancil Starnes, Esq., J.D.",X
51587,2017,David S. Taylor,X
54437,2017,Mark R. Baker,X
54830,2017,Yogesh Gupta,yogeshgupta1
37026,2017,Susan Patricia Griffith,X
45583,2017,Hamid R. Moghadam,X
59392,2017,Dale Redman,X
30227,2017,David E. Zalman,X
23994,2017,Richard Joseph Bielen,X
52397,2017,Victoria M. Holt,VickiMHolt
53340,2017,James M. Lindstrom,X
43189,2017,Christopher P. Martin,X
24119,2017,"John Robert Strangfeld, Jr.",John_Strangfeld
29526,2017,Ralph Izzo,X
27509,2017,"Ronald L. Havner, Jr.",X
37747,2017,"Randall Todd Jones, Sr.",X
35503,2017,Kimberly J. Harris,X
50593,2017,Ryan R. Marshall,X
24594,2017,Michael F. Barry,X
44024,2017,Charles B. Stanley,X
38760,2017,Steven M. Mollenkopf,stevemollenkopf
54869,2017,Mark S. Ordan,X
52092,2017,Philippe F. Courtot,pcourtot
48281,2017,William C. Griffiths,X
45671,2017,"Earl C. Austin, Jr.",X
47341,2017,Stephen H. Rusckowski,X
46286,2017,Douglas Valenti,"dougquinstreet, dvalentiquinstr, dougvquinstreet"
53245,2017,Thomas D. Miller,X
18430,2017,Jonathan Edward Michael,X
59275,2017,Richard G. Thornberry,X
33045,2017,Brian J. Bronson,BronsonRadisys
46884,2017,Ronald D. Black,X
60412,2017,Patrice Jean Louis Louvet,patrice_louvet
55232,2017,Dennis E. Gershenson,X
35381,2017,Jeffrey L. Ventura,X
53571,2017,Daniel A. Rykhus,X
43080,2017,Paul Christopher Reilly,X
50528,2017,David L. Nunes,X
49628,2017,Paul G. Boynton,X
48792,2017,Thomas A. Kennedy,X
52168,2017,David L. Liniger,DaveLiniger
43920,2017,John P. Case,X
47411,2017,Denny Marie Post,DPosted
30519,2017,Mark J. Gliebe,X
29781,2017,"Martin E. Stein, Jr.",X
7995,2017,Leonard S. Schleifer,RegeneronLen
47847,2017,Daniel J. Hanrahan,X
60398,2017,Kenneth T. Mills,X
34837,2017,"O. B. Grayson Hall, Jr.",X
52801,2017,"Anna Manning, FSA, FCIA",X
15655,2017,Gregg J. Mollins,X
60319,2017,Daniel J. Oh,X
50641,2017,Anthony J. Hunt,X
36115,2017,Mark E. Speese,X
37225,2017,Donald W. Slager,X
47964,2017,"Michael J. Farrell, BE, SM, MBA",ResMedMick
45817,2017,Daniel S. Schwartz,X
49428,2017,Stuart A. Tanz,X
49764,2017,Thomas C. Stabley,tomstabley
51309,2017,Zafar A. Rizvi,X
58485,2017,Kelly W. Hoffman,X
22492,2017,John T. Standley,X
60439,2017,Curtis W. Stoelting,curt_stoelting
11782,2017,"Harold Max Messmer, Jr.",X
48142,2017,Blake D. Moret,BlakeDMoret
33840,2017,Robert K. Ortberg,rkortberg
45303,2017,Bruce D. Hoechner,X
3817,2017,Gary W. Rollins,X
30933,2017,Barbara Rentler,BarbaraRentler
46108,2017,Tony Alan Jensen,X
60436,2017,Timothy E. Brog,X
33230,2017,Michael P. Plisinski,X
38672,2017,Michael P. O'Donnell,X
34242,2017,Robert E. Sanchez,X
46695,2017,Edward J. Lehner,EddieLehner
36592,2017,Todd D. Brice,ToddBrice_
48434,2017,Douglas L. Peterson,X
55769,2017,Jeffrey A. Stoops,X
10417,2017,"Alfred P. West, Jr.",alfred_west
39676,2017,Marc Holliday,X
51103,2017,Raymond J. Quinlan,X
42342,2017,Javan D. Ottoson,X
52479,2017,"Eugene Joseph Lowe, III",X
53844,2017,Archie C. Black,rchieBlackSPS
54840,2017,Marcus G. Michael,X
51939,2017,Lynn Alan Peterson,X
43244,2017,Robert S. Yorgensen,X
27067,2017,Gregory W. Becker,X
48015,2017,"Winston Lee Black, III",X
46287,2017,Richard K. Matros,X
54781,2017,Sean E. Menke,X
33187,2017,Stephen T. Zarrilli,sz135
42447,2017,"George Michael Murphy, CPCU",X
48025,2017,Richard D. O'Dell,X
37655,2017,Marc R. Benioff,Benioff
36410,2017,"Joe F. Sanderson, Jr.",X
54849,2017,Jeffrey T. Sanfilippo,X
8663,2017,Jure Sola,X
52678,2017,Scott E. Powell,X
43139,2017,"Bernard Francis Saul, II",X
14472,2017,Kevin B. Marsh,X
36414,2017,Michael L. Baur,scanman57
23085,2017,Stanley M. Bergman,X
39157,2017,Paal Kibsgaard,PaalKibsgaard ?
49694,2017,Joseph M. Yorio,X
36507,2017,Joseph M. Gingo,X
30592,2017,"Walter William Bettinger, II",WaltBettinger
60165,2017,Jeffrey Kramer,X
47904,2017,Anthony J. Moraco,X
55210,2017,Kevin M. Sheehan,kevinsheehan_sg
11735,2017,James S. Hagedorn,OldCrowP51
20955,2017,Richard A. Boehne,RichBoehne
37046,2017,Kenneth W. Lowe,X
57734,2017,"Dennis S. Hudson, III",denny_hudson
17501,2017,Charles L. Fabrikant,X
47102,2017,Jerome A. Peribere,JeromePeribere
47031,2017,Edward Scott Lampert,X
29110,2017,Robert D. Monson,X
49954,2017,David S. Chernow,X
7762,2017,Gregory Edward Murphy,X
33382,2017,Mohan R. Maheswaran,X
9078,2017,Debra L. Reed,X
31561,2017,David J. Hegarty,X
45361,2017,Paul Manning,X
26088,2017,Thomas L. Ryan,X
52666,2017,"Thomas Ashford Broughton, III",X
53916,2017,Randall J. Garutti,randygarutti
21056,2017,John G. Morikis,X
15279,2017,Clifton E. Sifford,X
55114,2017,Christopher North,X
53515,2017,Jonathan Oringer,jonoringer
38680,2017,Thinh Q. Tran,X
44910,2017,Joseph John DePaolo,X
45718,2017,G. Tyson Tuttle,gttuttle
39648,2017,Anthony J. Allott,X
59979,2017,Sean C. Woolverton,X
48533,2017,"George A. Makris, Jr.",X
25360,2017,David E. Simon,X
36685,2017,James E. Meyer,X
43402,2017,John M. Duffey,X
31276,2017,Robert Greenberg,X
24897,2017,Liam K. Griffin,X
42418,2017,Shelly R. Ibach,X
31684,2017,Ajita G. Rajendra,X
35527,2017,"William W. Smith, Jr.",X
24970,2017,Nicholas T. Pinchuk,X
58765,2017,Brian J. Driscoll,X
55692,2017,Guy Sella,X
7967,2017,J. Clifford Hudson,X
36421,2017,B. Scott Smith,ScottSmithSonic
35358,2017,M. Jack Sanders,X
52649,2017,"Thomas S. Smith, Jr.",X
32759,2017,Michael J. Renna,MichaelRenna95
27703,2017,Thomas A. Fanning,ThomasAFanning
50285,2017,"Lee R. Gibson, III, CPA, CPA",X
19145,2017,Gary C. Kelly,gary_kelly
37823,2017,John P. Hester,X
45321,2017,William J. Way,X
50600,2017,Daryl M. Adams,X
33488,2017,David M. Staples,X
45991,2017,"Rajesh C. Shrotriya, M.D.",X
48239,2017,Andreas Rouv,X
44801,2017,Suzanne Sitherwood,sitherwood
38712,2017,Vincent D. Kelly,X
52158,2017,Amin N. Maredia,X
47332,2017,Michael L. Glazer,X
31563,2017,Kenneth T. McBride,KenM_Stampscom
48804,2017,Eric Philip Sills,X
49582,2017,David A. Dunbar,X
18636,2017,James M. Loree,X
10976,2017,Howard D. Schultz,HowardSchultz
43955,2017,Chad A. Carlson,X
30289,2017,"Joseph L. Hooley, Esq.",X
53710,2017,James R. Henderson,X
18198,2017,Mark D. Millett,X
27537,2017,D. Hunt Hawkins,X
36432,2017,"F. Quinn Stepan, Jr.",X
45629,2017,Charles A. Alutto,X
48247,2017,Jack L. Kopnisky,X
28719,2017,Matthew W. Morris,X
37912,2017,Ronald James Kruszewski,RonKruszewski
57975,2017,James M. Trimble,X
35047,2017,Karl McDonnell,Karl_McDonnell
45326,2017,Kevin A. Lobo,Kevinalobo
28495,2017,Christopher J. Killoy,X
50412,2017,Daniel P. Hansen,X
44938,2017,"Frederick A. Henderson, CPA",X
32154,2017,"William Henry Rogers, Jr.",X
43880,2017,David D. Dunlap,X
50605,2017,Donald J. Stebbins,X
51301,2017,Jack A. Khattar,X
53418,2017,Mark Gross,X
44888,2017,Gary R. Maharaj,Garyhxvug
24014,2017,Charles E. Sykes,SYKESCEO
46377,2017,Richard A. Bergman,RickBergmanSyna
13604,2017,Aart J. de Geus,aartdegeus
44114,2017,"Kessel D. Stelling, Jr.",KesselStelling
36901,2017,Kevin Masazo Murai,X
50365,2017,Stephen C. Gray,X
51767,2017,Margaret M. Keane,SYFMKeane
54802,2017,Alistair MacDonald,X
35885,2017,"William J. DeLaney, III",X
32570,2017,Craig R. Dahl,X
53965,2017,Timothy D. Hockey,TimHockey
34263,2017,Ernie L. Herrman,X
51542,2017,Douglas F. Bauer,X
48623,2017,Thomas T. Edman,X
59282,2017,Calvin H. Knowlton,CalvinKnowlton
56186,2017,Gerald R. Mattys,uprmgmt
31311,2017,Douglas S. Ewert,X
35062,2017,Steven B. Tanger,X
48016,2017,Victor Luis,X
51063,2017,Brian C. Cornell,X
43131,2017,Robert S. Taubman,X
53424,2017,Ted W. Owen,X
37074,2017,David T. Lougee,DTLougee
19191,2017,Robert Mehrabian,X
45340,2017,Benson F. Smith,X
4008,2017,"LeRoy T. Carlson, Jr.",X
53030,2017,Scott L. Thompson,X
10390,2017,Trevor Fetter,X
44437,2017,H. Chris Killingstad,X
52586,2017,Brian J. Kesseler,X
54550,2017,Victor Lynn Lund,VicLLund
31023,2017,Mark E. Jagiela,X
52539,2017,"John L. Garrison, Jr.",X
30585,2017,Stuart M. Brightman,X
28313,2017,Dan L. Batrack,X
43197,2017,C. Keith Cargill,X
13869,2017,Richard K. Templeton,X
36459,2017,Wayne Kent Taylor,X
37007,2017,Scott C. Donnelly,X
25371,2017,Marc N. Casper,X
46465,2017,Robert W. Martin,X
54754,2017,Vyomesh I. Joshi,X
34129,2017,Inge G. Thulin,X
33427,2017,Jeffrey M. Platt,X
4379,2017,Michael J. Kowalski,X
53619,2017,Robert A. Rucker,X
25219,2017,Jeffrey L. Bewkes,X
46769,2017,Richard G. Kyle,X
49624,2017,"Ward J. Timken, Jr.",X
43895,2017,Paul George Reitz,X
38671,2017,Thomas Carson,X
52753,2017,Donato J. Tramuto,DonatoTramuto
43428,2017,"Douglas C. Yearley, Jr.",X
36583,2017,Stephen S. Romaine,X
20780,2017,Ellen R. Gordon,X
51407,2017,Gerald Volas,X
30225,2017,Larry Mac Hutchison,X
54185,2017,Richard M. Olson,X
11947,2017,M. Troy Woods,X
37345,2017,Gregory A. Sandfort,X
53469,2017,Walter Nicholas Howley,X
34273,2017,Alan David Schnitzer,TRVSchnitz
7619,2017,John D. Gottwald,X
36462,2017,Sam K. Reed,X
52262,2017,James E. Cline,X
58946,2017,Peter Maxwell Kern,X
19580,2017,Steven W. Berglund,X
4036,2017,Timothy R. Wallace,X
53450,2017,Daniel J. Crowley,X
46081,2017,Stephen Kaufer,kaufer
24352,2017,Steven C. Cooper,X
22237,2017,Robert Joseph McCormick,X
42502,2017,Gerard R. Host,X
38702,2017,Kenneth D. Tuchman,Gronsdorfer
53593,2017,Steven Robert Becker,X
10790,2017,E. V. Goings,RickGoingsTUP
36577,2017,James Rupert Murdoch,jamesmurdoch83
60377,2017,Jack Dorsey,jack
36270,2017,"Vincent D. Mattera, Jr.",X
35151,2017,"John S. Marr, Jr.",X
53892,2017,Thomas P. Hayes,Tom_Hayes
25526,2017,Thomas W. Toomey,X
30103,2017,"John Lawrence Walsh, Jr.",X
28421,2017,Andrew J. Cecere,X
32598,2017,Kevin G. Guest,USANA_Kevin
52592,2017,Jennifer F. Scanlon,X
51850,2017,William J. Sandbrook,X
51785,2017,Christopher J. Reading,X
48668,2017,Bryan A. Shinn,X
53090,2017,Mary N. Dillon,MaryNDillon
49692,2017,Scott Scherr,X
56459,2017,James P. Scholhamer,X
43530,2017,Cort Lane OHaver,X
36122,2017,Kevin A. Plank,X
55597,2017,Kevin Duane Hall,X
33807,2017,Ronald D. Croatti,X
45354,2017,Lance M. Fritz,X
51968,2017,Peter A. Altabef,PAltabef
23094,2017,Larry D. Pinkston,X
32810,2017,Jimmy Carl Tallent,X
15216,2017,"Richard M. Adams, Sr.",X
53185,2017,Oscar Munoz,UnitedMunoz
30189,2017,Randy Allen Ramlo,RamloRandy
50386,2017,"John Leslie Forney, CFA",X
38445,2017,Steven L. Spinner,X
30406,2017,David P. Abney,X
27632,2017,Michael J. Kneeland,X
48544,2017,David Boyd Burritt,X
32130,2017,Gregory J. Hayes,X
37941,2017,Martine A. Rothblatt,Skybiome
16868,2017,Stephen J. Hemsley,X
51107,2017,Kenneth A. Gunderman,X
35175,2017,Paul D. Arling,X
27078,2017,"Matthew Jon Missad, CPA",mmissad1
42944,2017,Alan B. Miller,X
48553,2017,Sean Patrick Downes,X
6850,2017,Alan B. Miller,X
31580,2017,Kimberly J. McWaters,X
42292,2017,Richard Paul McKenney,UnumRick
36131,2017,Richard A. Hayne,X
52726,2017,Jeffrey S. Olson,X
31541,2017,"Alfred C. Liggins, III",X
36481,2017,Willing L. Biddle,X
49520,2017,Jeffrey R. Feeler,Jeff_Feeler
45362,2017,Steven E. Rendle,X
18245,2017,Patrick M. Lavelle,X
34092,2017,Joseph W. Gorder,X
39263,2017,Gerald Howard Lipkin,X
6864,2017,Mogens C. Bay,X
55301,2017,"Samuel J. Mitchell, Jr.",X
54363,2017,Sunny S. Sanyal,SunnySanyal
3320,2017,Carl L. Chapman,X
35213,2017,John R. Peeler,X
38137,2017,Debra A. Cafaro,X
52357,2017,Robert T. Wallstrom,X
48646,2017,Paul S. Galant,PaulGalant
37278,2017,D. James Bidzos,X
34098,2017,Lowell C. McAdam,X
50690,2017,Mary A. Laschinger,X
51685,2017,Scott G. Stephenson,sgsyes0619
45515,2017,Jeffrey Marc Leiden,X
53687,2017,Guillermo Novo,X
45786,2017,Steven W. Moster,X
30944,2017,Robert Marc Bakish,X
53707,2017,Oleg Khaykin,X
56416,2017,"Alfred Francis Kelly, Jr.",X
44851,2017,"George R. Aylward, Jr., CPA",X
9192,2017,Gerald Paul,X
60387,2017,Christopher T. Metz,X
52974,2017,Sachin S. Lawande,X
53075,2017,Colin Frederick Watts,X
52086,2017,Michael D. Dean,X
55782,2017,Alan B. Masarek,alanmasarek
29797,2017,Steven Roth,X
48826,2017,James Thomas Hill,X
9198,2017,Garry O. Ridge,LearningMoment
23321,2017,Terry D. McCallister,X
27080,2017,Allen Lewis Leverett,X
26041,2017,Richard J. Giromini,X
41670,2017,Raymond T. Betler,X
45672,2017,"Philip James Sanders, C.F.A., CFA, MBA",X
37626,2017,C. Douglas McMillon,X
51734,2017,Stefano Pessina,X
51234,2017,William Mallory Walker,X
20066,2017,Roy M. Whitehead,X
54279,2017,Louis G. Conforti,X
23095,2017,Ronald J. Mittelstaedt,X
47170,2017,"James C. Fish, Jr.",jimfishwm
52859,2017,Christopher James O'Connell,X
15175,2017,Albert H. Nahmad,X
50644,2017,"Robert J. Pagano, Jr.",X
17384,2017,James Copenhaver Smith,X
59618,2017,Mindy F. Grossman,mindygrossman
28681,2017,Andrew M. Alexander,X
51049,2017,Kenneth Alan Burdick,X
45253,2017,Timothy J. Sloan,X
50517,2017,Thomas J. DeRosa,X
48706,2017,Todd Allan Penegor,toddpenegor33
28890,2017,Derek J. Leathers,Derek_Leathers
17260,2017,David L. Payne,X
29956,2017,Stephen D. Milligan,X
36009,2017,Hikmet Ersek,WesternUnionCEO
26579,2017,Steven C. Voorhees,X
35230,2017,Melissa D. Smith,X
48488,2017,Doyle R. Simons,X
13990,2017,Jeffrey M. Fettig,X
55813,2017,"James C. Mastandrea, IV",X
30996,2017,Alan S. Armstrong,X
24471,2017,Laura J. Alber,nonamemarin
40005,2017,Anthony W. Thomas,TonyThomasWIN
53922,2017,Charles R. Morrison,WingstopCEO
53590,2017,Michael J. Happe,X
27728,2017,Edward Joseph Wehmer,X
51272,2017,"Jonathan Laurence Steinberg, J.D.",X
14352,2017,Blake W. Krueger,X
22583,2017,Thomas A. Gendron,X
29803,2017,Michael J. Kasbar,kazzy13a
51870,2017,Vincent K. McMahon,VinceMcMahon
51048,2017,Richard E. Muncrief,X
36023,2017,Stephen P. Holmes,X
37104,2017,Stephen A. Wynn,stevewynnfacts
49101,2017,Michael F. Steib,msteib
30792,2017,"Benjamin G. S. Fowke, III",X
36996,2017,Moshe N. Gavrielov,X
22551,2017,David G. Tacelli,X
50632,2017,Jeffrey Jacobson,X
52619,2017,James R. Neal,X
50421,2017,Patrick K. Decker,PatrickKDecker
55079,2017,Jon E. Kirchner,X
25692,2017,James L. Welch,X
37226,2017,Greg Creed,X
35241,2017,Anders Gustafsson,X
25139,2017,David C. Dvorak,X
6973,2017,Harris Henry Simmons,X
55243,2017,David J. Wagner,DWagnerPSU
47879,2017,Juan Ramn Alaix,X
35244,2017,"Richard M. Brooks, Jr.",X
48314,2017,David D. Petratis,X
50744,2017,Brenton L. Saunders,brentlsaunders
30961,2017,Gregory C. Case,X
30333,2017,Constantine P. Iordanou,X
43566,2017,Christopher O'Kane,X
43900,2017,Bruce W. McClelland,X
45763,2017,Albert A. Benchimol,X
44905,2017,Pierre Nanterme,PNanterme
54469,2017,H. Roeland Vos,X
43623,2017,Steven A. Rathgaber,X
56226,2017,Liam Butterworth,X
23534,2017,Craig Arnold,X
53294,2017,Paul V. Campanelli,X
50460,2017,Carl G. Trowell,X
42370,2017,"Dominic James Addesso, CPA",X
49205,2017,David Tom Mitchell,X
58569,2017,Richard MacCoy Weil,X
55521,2017,Jerre L. Stead,X
28677,2017,Michael W. Lamach,X
60344,2017,Mark A. McCollum,X
35964,2017,"Martin L. Flanagan, CFA, CPA",X
58429,2017,Jonathan Adam Abram,X
38449,2017,Alex A. Molinaroli,amolinaroli
55311,2017,Damien McDonald,X
53810,2017,Arturo Manuel Raschbaum,X
48298,2017,John D. Idol,X
45695,2017,Kevin P. Clark,X
2680,2017,Anthony G. Petrello,X
49062,2017,Dwight Mitchell Barns,MitchBarns
35367,2017,David W. Williams,X
55763,2017,Frank J. Del Rio,X
48225,2017,Kevin Joseph O'Donnell,X
43381,2017,Thomas P. Burke,X
26698,2017,Stephen J. Luczo,SteveLuczo
18518,2017,"Randall J. Hogan, III",X
44836,2017,Mark S. Light,X
35499,2017,"Walter M. Rosebrough, Jr.",X
53956,2017,Thierry Pilenko,X
55656,2017,James Robert Bredahl,X
55059,2017,John J. Haley,JohnJamesHaley
20372,2017,John T. Hendrickson,X
36946,2017,Michael S. McGavick,X
25381,2017,Evan G. Greenberg,X
46588,2017,Clifton Albert Pemble,X
36001,2017,Terrence R. Curtin,X
52205,2017,Jeremy D. Thigpen,X
47961,2017,Ilan Levin,LevinIlan
55736,2017,David M. Demshur,X
46408,2017,Bhavesh V. Patel,X
34825,2017,Heather Bresch,X
54342,2017,Bradley R. Mason,X
59708,2017,"Peter Brendan Johnston, BA, FAusIMM, FAICD",X
49916,2017,Richard D. Fain,richard00857062
